path	sample
/lustre/scratch117/cellgen/team218/igs_gp7/1000_cell_lines/CTV-1.fastq.gz	CTV-1
/lustre/scratch117/cellgen/team218/igs_gp7/1000_cell_lines/TGW.fastq.gz	TGW
/lustre/scratch117/cellgen/team218/igs_gp7/1000_cell_lines/NB4-G2.fastq.gz	NB4-G2
/lustre/scratch117/cellgen/team218/igs_gp7/1000_cell_lines/SN12C.fastq.gz	SN12C
/lustre/scratch117/cellgen/team218/igs_gp7/1000_cell_lines/EW-7.fastq.gz	EW-7
/lustre/scratch117/cellgen/team218/igs_gp7/1000_cell_lines/H9.fastq.gz	H9
/lustre/scratch117/cellgen/team218/igs_gp7/1000_cell_lines/MCC13.fastq.gz	MCC13
/lustre/scratch117/cellgen/team218/igs_gp7/1000_cell_lines/H2818.fastq.gz	H2818
/lustre/scratch117/cellgen/team218/igs_gp7/1000_cell_lines/MKN28.fastq.gz	MKN28
/lustre/scratch117/cellgen/team218/igs_gp7/1000_cell_lines/VA-ES-BJ.fastq.gz	VA-ES-BJ
/lustre/scratch117/cellgen/team218/igs_gp7/1000_cell_lines/TMK-1.fastq.gz	TMK-1
/lustre/scratch117/cellgen/team218/igs_gp7/1000_cell_lines/MFM-223.fastq.gz	MFM-223
/lustre/scratch117/cellgen/team218/igs_gp7/1000_cell_lines/WM1552C.fastq.gz	WM1552C
/lustre/scratch117/cellgen/team218/igs_gp7/1000_cell_lines/SW403.fastq.gz	SW403
/lustre/scratch117/cellgen/team218/igs_gp7/1000_cell_lines/BICR10.fastq.gz	BICR10
/lustre/scratch117/cellgen/team218/igs_gp7/1000_cell_lines/DOV13.fastq.gz	DOV13
/lustre/scratch117/cellgen/team218/igs_gp7/1000_cell_lines/IST-SL1.fastq.gz	IST-SL1
/lustre/scratch117/cellgen/team218/igs_gp7/1000_cell_lines/NB4-S.fastq.gz	NB4-S
/lustre/scratch117/cellgen/team218/igs_gp7/1000_cell_lines/SW1116.fastq.gz	SW1116
/lustre/scratch117/cellgen/team218/igs_gp7/1000_cell_lines/HCC1599_RNA_500.fastq.gz	HCC1599_RNA_500
/lustre/scratch117/cellgen/team218/igs_gp7/1000_cell_lines/ES3.fastq.gz	ES3
/lustre/scratch117/cellgen/team218/igs_gp7/1000_cell_lines/NCI-H1417.fastq.gz	NCI-H1417
/lustre/scratch117/cellgen/team218/igs_gp7/1000_cell_lines/SK-GT-2.fastq.gz	SK-GT-2
/lustre/scratch117/cellgen/team218/igs_gp7/1000_cell_lines/Sarc9371.fastq.gz	Sarc9371
/lustre/scratch117/cellgen/team218/igs_gp7/1000_cell_lines/CHSA0108.fastq.gz	CHSA0108
/lustre/scratch117/cellgen/team218/igs_gp7/1000_cell_lines/ST486.fastq.gz	ST486
/lustre/scratch117/cellgen/team218/igs_gp7/1000_cell_lines/BV-173.fastq.gz	BV-173
/lustre/scratch117/cellgen/team218/igs_gp7/1000_cell_lines/ROS-50.fastq.gz	ROS-50
/lustre/scratch117/cellgen/team218/igs_gp7/1000_cell_lines/RPMI-8866.fastq.gz	RPMI-8866
/lustre/scratch117/cellgen/team218/igs_gp7/1000_cell_lines/ML-2.fastq.gz	ML-2
/lustre/scratch117/cellgen/team218/igs_gp7/1000_cell_lines/HO-1-u-1.fastq.gz	HO-1-u-1
/lustre/scratch117/cellgen/team218/igs_gp7/1000_cell_lines/SKN.fastq.gz	SKN
/lustre/scratch117/cellgen/team218/igs_gp7/1000_cell_lines/HO-1-N-1.fastq.gz	HO-1-N-1
/lustre/scratch117/cellgen/team218/igs_gp7/1000_cell_lines/IM-9.fastq.gz	IM-9
/lustre/scratch117/cellgen/team218/igs_gp7/1000_cell_lines/K2.fastq.gz	K2
/lustre/scratch117/cellgen/team218/igs_gp7/1000_cell_lines/MOG-G-UVW.fastq.gz	MOG-G-UVW
/lustre/scratch117/cellgen/team218/igs_gp7/1000_cell_lines/H2591.fastq.gz	H2591
/lustre/scratch117/cellgen/team218/igs_gp7/1000_cell_lines/IHH-4.fastq.gz	IHH-4
/lustre/scratch117/cellgen/team218/igs_gp7/1000_cell_lines/NB-TU-1-10.fastq.gz	NB-TU-1-10
/lustre/scratch117/cellgen/team218/igs_gp7/1000_cell_lines/SNU-C2B.fastq.gz	SNU-C2B
/lustre/scratch117/cellgen/team218/igs_gp7/1000_cell_lines/HeLa.fastq.gz	HeLa
/lustre/scratch117/cellgen/team218/igs_gp7/1000_cell_lines/no-11.fastq.gz	no-11
/lustre/scratch117/cellgen/team218/igs_gp7/1000_cell_lines/MMAC-SF.fastq.gz	MMAC-SF
/lustre/scratch117/cellgen/team218/igs_gp7/1000_cell_lines/NB17.fastq.gz	NB17
/lustre/scratch117/cellgen/team218/igs_gp7/1000_cell_lines/NCI-H1993.fastq.gz	NCI-H1993
/lustre/scratch117/cellgen/team218/igs_gp7/1000_cell_lines/H2722.fastq.gz	H2722
/lustre/scratch117/cellgen/team218/igs_gp7/1000_cell_lines/OVCA420.fastq.gz	OVCA420
/lustre/scratch117/cellgen/team218/igs_gp7/1000_cell_lines/OVMIU.fastq.gz	OVMIU
/lustre/scratch117/cellgen/team218/igs_gp7/1000_cell_lines/YH-13.fastq.gz	YH-13
/lustre/scratch117/cellgen/team218/igs_gp7/1000_cell_lines/NCI-H3122.fastq.gz	NCI-H3122
/lustre/scratch117/cellgen/team218/igs_gp7/1000_cell_lines/CP66-MEL.fastq.gz	CP66-MEL
/lustre/scratch117/cellgen/team218/igs_gp7/1000_cell_lines/LC-1-sq.fastq.gz	LC-1-sq
/lustre/scratch117/cellgen/team218/igs_gp7/1000_cell_lines/PC-3_JPC-3.fastq.gz	PC-3_JPC-3
/lustre/scratch117/cellgen/team218/igs_gp7/1000_cell_lines/MDA-MB-330.fastq.gz	MDA-MB-330
/lustre/scratch117/cellgen/team218/igs_gp7/1000_cell_lines/HCE-4.fastq.gz	HCE-4
/lustre/scratch117/cellgen/team218/igs_gp7/1000_cell_lines/SW837.fastq.gz	SW837
/lustre/scratch117/cellgen/team218/igs_gp7/1000_cell_lines/EB-3.fastq.gz	EB-3
/lustre/scratch117/cellgen/team218/igs_gp7/1000_cell_lines/TGBC24TKB.fastq.gz	TGBC24TKB
/lustre/scratch117/cellgen/team218/igs_gp7/1000_cell_lines/PL18.fastq.gz	PL18
/lustre/scratch117/cellgen/team218/igs_gp7/1000_cell_lines/SNU-C1.fastq.gz	SNU-C1
/lustre/scratch117/cellgen/team218/igs_gp7/1000_cell_lines/ETK-1.fastq.gz	ETK-1
/lustre/scratch117/cellgen/team218/igs_gp7/1000_cell_lines/SKN-3.fastq.gz	SKN-3
/lustre/scratch117/cellgen/team218/igs_gp7/1000_cell_lines/OSC-19.fastq.gz	OSC-19
/lustre/scratch117/cellgen/team218/igs_gp7/1000_cell_lines/EW-3.fastq.gz	EW-3
/lustre/scratch117/cellgen/team218/igs_gp7/1000_cell_lines/PCI-15A.fastq.gz	PCI-15A
/lustre/scratch117/cellgen/team218/igs_gp7/1000_cell_lines/ARH-77.fastq.gz	ARH-77
/lustre/scratch117/cellgen/team218/igs_gp7/1000_cell_lines/EW-16.fastq.gz	EW-16
/lustre/scratch117/cellgen/team218/igs_gp7/1000_cell_lines/HAL.fastq.gz	HAL
/lustre/scratch117/cellgen/team218/igs_gp7/1000_cell_lines/RCC-AB.fastq.gz	RCC-AB
/lustre/scratch117/cellgen/team218/igs_gp7/1000_cell_lines/PCI-4B.fastq.gz	PCI-4B
/lustre/scratch117/cellgen/team218/igs_gp7/1000_cell_lines/ES1.fastq.gz	ES1
/lustre/scratch117/cellgen/team218/igs_gp7/1000_cell_lines/LIM1215.fastq.gz	LIM1215
/lustre/scratch117/cellgen/team218/igs_gp7/1000_cell_lines/KYSE-50.fastq.gz	KYSE-50
/lustre/scratch117/cellgen/team218/igs_gp7/1000_cell_lines/JiyoyeP-2003.fastq.gz	JiyoyeP-2003
/lustre/scratch117/cellgen/team218/igs_gp7/1000_cell_lines/NCI-SNU-16.fastq.gz	NCI-SNU-16
/lustre/scratch117/cellgen/team218/igs_gp7/1000_cell_lines/MY-M12.fastq.gz	MY-M12
/lustre/scratch117/cellgen/team218/igs_gp7/1000_cell_lines/SCC-3.fastq.gz	SCC-3
/lustre/scratch117/cellgen/team218/igs_gp7/1000_cell_lines/SW13.fastq.gz	SW13
/lustre/scratch117/cellgen/team218/igs_gp7/1000_cell_lines/SU-DHL-5.fastq.gz	SU-DHL-5
/lustre/scratch117/cellgen/team218/igs_gp7/1000_cell_lines/JHOS-3.fastq.gz	JHOS-3
/lustre/scratch117/cellgen/team218/igs_gp7/1000_cell_lines/CaR-1.fastq.gz	CaR-1
/lustre/scratch117/cellgen/team218/igs_gp7/1000_cell_lines/MCC26.fastq.gz	MCC26
/lustre/scratch117/cellgen/team218/igs_gp7/1000_cell_lines/A427.fastq.gz	A427
/lustre/scratch117/cellgen/team218/igs_gp7/1000_cell_lines/TE-12.fastq.gz	TE-12
/lustre/scratch117/cellgen/team218/igs_gp7/1000_cell_lines/NBsusSR.fastq.gz	NBsusSR
/lustre/scratch117/cellgen/team218/igs_gp7/1000_cell_lines/TUR.fastq.gz	TUR
/lustre/scratch117/cellgen/team218/igs_gp7/1000_cell_lines/JSC-1.fastq.gz	JSC-1
/lustre/scratch117/cellgen/team218/igs_gp7/1000_cell_lines/HCC1395_RNA.fastq.gz	HCC1395_RNA
/lustre/scratch117/cellgen/team218/igs_gp7/1000_cell_lines/NCI-H1304.fastq.gz	NCI-H1304
/lustre/scratch117/cellgen/team218/igs_gp7/1000_cell_lines/LB831-BLC.fastq.gz	LB831-BLC
/lustre/scratch117/cellgen/team218/igs_gp7/1000_cell_lines/PEO1.fastq.gz	PEO1
/lustre/scratch117/cellgen/team218/igs_gp7/1000_cell_lines/EB2.fastq.gz	EB2
/lustre/scratch117/cellgen/team218/igs_gp7/1000_cell_lines/P30-OHK.fastq.gz	P30-OHK
/lustre/scratch117/cellgen/team218/igs_gp7/1000_cell_lines/PR9930a.fastq.gz	PR9930a
/lustre/scratch117/cellgen/team218/igs_gp7/1000_cell_lines/MC-CAR.fastq.gz	MC-CAR
/lustre/scratch117/cellgen/team218/igs_gp7/1000_cell_lines/KGN.fastq.gz	KGN
/lustre/scratch117/cellgen/team218/igs_gp7/1000_cell_lines/TE-441-T.fastq.gz	TE-441-T
/lustre/scratch117/cellgen/team218/igs_gp7/1000_cell_lines/MN-60.fastq.gz	MN-60
/lustre/scratch117/cellgen/team218/igs_gp7/1000_cell_lines/CRO-AP3.fastq.gz	CRO-AP3
/lustre/scratch117/cellgen/team218/igs_gp7/1000_cell_lines/SW1463.fastq.gz	SW1463
/lustre/scratch117/cellgen/team218/igs_gp7/1000_cell_lines/ASH-3.fastq.gz	ASH-3
/lustre/scratch117/cellgen/team218/igs_gp7/1000_cell_lines/U-CH2.fastq.gz	U-CH2
/lustre/scratch117/cellgen/team218/igs_gp7/1000_cell_lines/NCI-H661.fastq.gz	NCI-H661
/lustre/scratch117/cellgen/team218/igs_gp7/1000_cell_lines/LAMA-84.fastq.gz	LAMA-84
/lustre/scratch117/cellgen/team218/igs_gp7/1000_cell_lines/NY.fastq.gz	NY
/lustre/scratch117/cellgen/team218/igs_gp7/1000_cell_lines/EMC-BAC-2.fastq.gz	EMC-BAC-2
/lustre/scratch117/cellgen/team218/igs_gp7/1000_cell_lines/NB12.fastq.gz	NB12
/lustre/scratch117/cellgen/team218/igs_gp7/1000_cell_lines/COR-L303.fastq.gz	COR-L303
/lustre/scratch117/cellgen/team218/igs_gp7/1000_cell_lines/LB647-SCLC.fastq.gz	LB647-SCLC
/lustre/scratch117/cellgen/team218/igs_gp7/1000_cell_lines/NCI-H2135.fastq.gz	NCI-H2135
/lustre/scratch117/cellgen/team218/igs_gp7/1000_cell_lines/HCC1187.fastq.gz	HCC1187
/lustre/scratch117/cellgen/team218/igs_gp7/1000_cell_lines/D-423MG.fastq.gz	D-423MG
/lustre/scratch117/cellgen/team218/igs_gp7/1000_cell_lines/MFH-ino.fastq.gz	MFH-ino
/lustre/scratch117/cellgen/team218/igs_gp7/1000_cell_lines/HCC1599_RNA_10000.fastq.gz	HCC1599_RNA_10000
/lustre/scratch117/cellgen/team218/igs_gp7/1000_cell_lines/NKM-1.fastq.gz	NKM-1
/lustre/scratch117/cellgen/team218/igs_gp7/1000_cell_lines/VAL.fastq.gz	VAL
/lustre/scratch117/cellgen/team218/igs_gp7/1000_cell_lines/KARPAS-45.fastq.gz	KARPAS-45
/lustre/scratch117/cellgen/team218/igs_gp7/1000_cell_lines/VMRC-RCZ.fastq.gz	VMRC-RCZ
/lustre/scratch117/cellgen/team218/igs_gp7/1000_cell_lines/LB2241-RCC.fastq.gz	LB2241-RCC
/lustre/scratch117/cellgen/team218/igs_gp7/1000_cell_lines/Ramos-2G6-4C10.fastq.gz	Ramos-2G6-4C10
/lustre/scratch117/cellgen/team218/igs_gp7/1000_cell_lines/U031.fastq.gz	U031
/lustre/scratch117/cellgen/team218/igs_gp7/1000_cell_lines/QIMR-WIL.fastq.gz	QIMR-WIL
/lustre/scratch117/cellgen/team218/igs_gp7/1000_cell_lines/SW626.fastq.gz	SW626
/lustre/scratch117/cellgen/team218/igs_gp7/1000_cell_lines/NCI-H345.fastq.gz	NCI-H345
/lustre/scratch117/cellgen/team218/igs_gp7/1000_cell_lines/JAR.fastq.gz	JAR
/lustre/scratch117/cellgen/team218/igs_gp7/1000_cell_lines/NCI-H128.fastq.gz	NCI-H128
/lustre/scratch117/cellgen/team218/igs_gp7/1000_cell_lines/HSC-39.fastq.gz	HSC-39
/lustre/scratch117/cellgen/team218/igs_gp7/1000_cell_lines/ALL-PO.fastq.gz	ALL-PO
/lustre/scratch117/cellgen/team218/igs_gp7/1000_cell_lines/G-MEL.fastq.gz	G-MEL
/lustre/scratch117/cellgen/team218/igs_gp7/1000_cell_lines/ES5.fastq.gz	ES5
/lustre/scratch117/cellgen/team218/igs_gp7/1000_cell_lines/BE-13.fastq.gz	BE-13
/lustre/scratch117/cellgen/team218/igs_gp7/1000_cell_lines/LB373-MEL-D.fastq.gz	LB373-MEL-D
/lustre/scratch117/cellgen/team218/igs_gp7/1000_cell_lines/M14.fastq.gz	M14
/lustre/scratch117/cellgen/team218/igs_gp7/1000_cell_lines/MOG-G-CCM.fastq.gz	MOG-G-CCM
/lustre/scratch117/cellgen/team218/igs_gp7/1000_cell_lines/KYSE-220.fastq.gz	KYSE-220
/lustre/scratch117/cellgen/team218/igs_gp7/1000_cell_lines/KY821.fastq.gz	KY821
/lustre/scratch117/cellgen/team218/igs_gp7/1000_cell_lines/CAL-72.fastq.gz	CAL-72
/lustre/scratch117/cellgen/team218/igs_gp7/1000_cell_lines/HCC1599_RNA_1000.fastq.gz	HCC1599_RNA_1000
/lustre/scratch117/cellgen/team218/igs_gp7/1000_cell_lines/BPH-1.fastq.gz	BPH-1
/lustre/scratch117/cellgen/team218/igs_gp7/1000_cell_lines/NCI-H187.fastq.gz	NCI-H187
/lustre/scratch117/cellgen/team218/igs_gp7/1000_cell_lines/DU-145.fastq.gz	DU-145
/lustre/scratch117/cellgen/team218/igs_gp7/1000_cell_lines/ACN.fastq.gz	ACN
/lustre/scratch117/cellgen/team218/igs_gp7/1000_cell_lines/SUP-HD1.fastq.gz	SUP-HD1
/lustre/scratch117/cellgen/team218/igs_gp7/1000_cell_lines/BB49-HNC.fastq.gz	BB49-HNC
/lustre/scratch117/cellgen/team218/igs_gp7/1000_cell_lines/ES8.fastq.gz	ES8
/lustre/scratch117/cellgen/team218/igs_gp7/1000_cell_lines/HT-3.fastq.gz	HT-3
/lustre/scratch117/cellgen/team218/igs_gp7/1000_cell_lines/SW948.fastq.gz	SW948
/lustre/scratch117/cellgen/team218/igs_gp7/1000_cell_lines/EoL-1-cell.fastq.gz	EoL-1-cell
/lustre/scratch117/cellgen/team218/igs_gp7/1000_cell_lines/TC-YIK.fastq.gz	TC-YIK
/lustre/scratch117/cellgen/team218/igs_gp7/1000_cell_lines/NCC010.fastq.gz	NCC010
/lustre/scratch117/cellgen/team218/igs_gp7/1000_cell_lines/ESO51.fastq.gz	ESO51
/lustre/scratch117/cellgen/team218/igs_gp7/1000_cell_lines/HTC-C3.fastq.gz	HTC-C3
/lustre/scratch117/cellgen/team218/igs_gp7/1000_cell_lines/BB65-RCC.fastq.gz	BB65-RCC
/lustre/scratch117/cellgen/team218/igs_gp7/1000_cell_lines/BALL-1.fastq.gz	BALL-1
/lustre/scratch117/cellgen/team218/igs_gp7/1000_cell_lines/M059J.fastq.gz	M059J
/lustre/scratch117/cellgen/team218/igs_gp7/1000_cell_lines/SR.fastq.gz	SR
/lustre/scratch117/cellgen/team218/igs_gp7/1000_cell_lines/COR-L321.fastq.gz	COR-L321
/lustre/scratch117/cellgen/team218/igs_gp7/1000_cell_lines/IST-SL2.fastq.gz	IST-SL2
/lustre/scratch117/cellgen/team218/igs_gp7/1000_cell_lines/EM-2.fastq.gz	EM-2
/lustre/scratch117/cellgen/team218/igs_gp7/1000_cell_lines/LS-180.fastq.gz	LS-180
/lustre/scratch117/cellgen/team218/igs_gp7/1000_cell_lines/SW684.fastq.gz	SW684
/lustre/scratch117/cellgen/team218/igs_gp7/1000_cell_lines/WSU-NHL.fastq.gz	WSU-NHL
/lustre/scratch117/cellgen/team218/igs_gp7/1000_cell_lines/SAS.fastq.gz	SAS
/lustre/scratch117/cellgen/team218/igs_gp7/1000_cell_lines/NCI-SNU-1.fastq.gz	NCI-SNU-1
/lustre/scratch117/cellgen/team218/igs_gp7/1000_cell_lines/UWB1-289.fastq.gz	UWB1-289
/lustre/scratch117/cellgen/team218/igs_gp7/1000_cell_lines/KARPAS-620.fastq.gz	KARPAS-620
/lustre/scratch117/cellgen/team218/igs_gp7/1000_cell_lines/201T.fastq.gz	201T
/lustre/scratch117/cellgen/team218/igs_gp7/1000_cell_lines/DoTc2-4510.fastq.gz	DoTc2-4510
/lustre/scratch117/cellgen/team218/igs_gp7/1000_cell_lines/HCC2998.fastq.gz	HCC2998
/lustre/scratch117/cellgen/team218/igs_gp7/1000_cell_lines/OACM5-1.fastq.gz	OACM5-1
/lustre/scratch117/cellgen/team218/igs_gp7/1000_cell_lines/EGI-1.fastq.gz	EGI-1
/lustre/scratch117/cellgen/team218/igs_gp7/1000_cell_lines/STS-0421.fastq.gz	STS-0421
/lustre/scratch117/cellgen/team218/igs_gp7/1000_cell_lines/EW-18.fastq.gz	EW-18
/lustre/scratch117/cellgen/team218/igs_gp7/1000_cell_lines/HMV-II.fastq.gz	HMV-II
/lustre/scratch117/cellgen/team218/igs_gp7/1000_cell_lines/D-542MG.fastq.gz	D-542MG
/lustre/scratch117/cellgen/team218/igs_gp7/1000_cell_lines/D-263MG.fastq.gz	D-263MG
/lustre/scratch117/cellgen/team218/igs_gp7/1000_cell_lines/HCC2157_RNA.fastq.gz	HCC2157_RNA
/lustre/scratch117/cellgen/team218/igs_gp7/1000_cell_lines/OV-17R.fastq.gz	OV-17R
/lustre/scratch117/cellgen/team218/igs_gp7/1000_cell_lines/SW156.fastq.gz	SW156
/lustre/scratch117/cellgen/team218/igs_gp7/1000_cell_lines/CCK-81.fastq.gz	CCK-81
/lustre/scratch117/cellgen/team218/igs_gp7/1000_cell_lines/HuO9.fastq.gz	HuO9
/lustre/scratch117/cellgen/team218/igs_gp7/1000_cell_lines/UACC-812.fastq.gz	UACC-812
/lustre/scratch117/cellgen/team218/igs_gp7/1000_cell_lines/COR-L32.fastq.gz	COR-L32
/lustre/scratch117/cellgen/team218/igs_gp7/1000_cell_lines/Ca9-22.fastq.gz	Ca9-22
/lustre/scratch117/cellgen/team218/igs_gp7/1000_cell_lines/UDSCC2.fastq.gz	UDSCC2
/lustre/scratch117/cellgen/team218/igs_gp7/1000_cell_lines/SW982.fastq.gz	SW982
/lustre/scratch117/cellgen/team218/igs_gp7/1000_cell_lines/CP67-MEL.fastq.gz	CP67-MEL
/lustre/scratch117/cellgen/team218/igs_gp7/1000_cell_lines/LC-2-ad.fastq.gz	LC-2-ad
/lustre/scratch117/cellgen/team218/igs_gp7/1000_cell_lines/MZ1-PC.fastq.gz	MZ1-PC
/lustre/scratch117/cellgen/team218/igs_gp7/1000_cell_lines/H2731.fastq.gz	H2731
/lustre/scratch117/cellgen/team218/igs_gp7/1000_cell_lines/CRO-AP2.fastq.gz	CRO-AP2
/lustre/scratch117/cellgen/team218/igs_gp7/1000_cell_lines/HC-1.fastq.gz	HC-1
/lustre/scratch117/cellgen/team218/igs_gp7/1000_cell_lines/Mo-T.fastq.gz	Mo-T
/lustre/scratch117/cellgen/team218/igs_gp7/1000_cell_lines/LB771-HNC.fastq.gz	LB771-HNC
/lustre/scratch117/cellgen/team218/igs_gp7/1000_cell_lines/HT-115.fastq.gz	HT-115
/lustre/scratch117/cellgen/team218/igs_gp7/1000_cell_lines/COLO-320-HSR.fastq.gz	COLO-320-HSR
/lustre/scratch117/cellgen/team218/igs_gp7/1000_cell_lines/PCI-6A.fastq.gz	PCI-6A
/lustre/scratch117/cellgen/team218/igs_gp7/1000_cell_lines/OST.fastq.gz	OST
/lustre/scratch117/cellgen/team218/igs_gp7/1000_cell_lines/NOS-1.fastq.gz	NOS-1
/lustre/scratch117/cellgen/team218/igs_gp7/1000_cell_lines/KPD.fastq.gz	KPD
/lustre/scratch117/cellgen/team218/igs_gp7/1000_cell_lines/ES7.fastq.gz	ES7
/lustre/scratch117/cellgen/team218/igs_gp7/1000_cell_lines/OVKATE.fastq.gz	OVKATE
/lustre/scratch117/cellgen/team218/igs_gp7/1000_cell_lines/ES6.fastq.gz	ES6
/lustre/scratch117/cellgen/team218/igs_gp7/1000_cell_lines/SU-DHL-16.fastq.gz	SU-DHL-16
/lustre/scratch117/cellgen/team218/igs_gp7/1000_cell_lines/LB2518-MEL.fastq.gz	LB2518-MEL
/lustre/scratch117/cellgen/team218/igs_gp7/1000_cell_lines/H2810.fastq.gz	H2810
/lustre/scratch117/cellgen/team218/igs_gp7/1000_cell_lines/NCI-H64.fastq.gz	NCI-H64
/lustre/scratch117/cellgen/team218/igs_gp7/1000_cell_lines/WIL2-NS.fastq.gz	WIL2-NS
/lustre/scratch117/cellgen/team218/igs_gp7/1000_cell_lines/TE-8.fastq.gz	TE-8
/lustre/scratch117/cellgen/team218/igs_gp7/1000_cell_lines/DSH1.fastq.gz	DSH1
/lustre/scratch117/cellgen/team218/igs_gp7/1000_cell_lines/HuO-3N1.fastq.gz	HuO-3N1
/lustre/scratch117/cellgen/team218/igs_gp7/1000_cell_lines/no-10.fastq.gz	no-10
/lustre/scratch117/cellgen/team218/igs_gp7/1000_cell_lines/NCI-H510A.fastq.gz	NCI-H510A
/lustre/scratch117/cellgen/team218/igs_gp7/1000_cell_lines/CHP-134.fastq.gz	CHP-134
/lustre/scratch117/cellgen/team218/igs_gp7/1000_cell_lines/CESS.fastq.gz	CESS
/lustre/scratch117/cellgen/team218/igs_gp7/1000_cell_lines/SNU-C5.fastq.gz	SNU-C5
/lustre/scratch117/cellgen/team218/igs_gp7/1000_cell_lines/H290.fastq.gz	H290
/lustre/scratch117/cellgen/team218/igs_gp7/1000_cell_lines/MHH-PREB-1.fastq.gz	MHH-PREB-1
/lustre/scratch117/cellgen/team218/igs_gp7/1000_cell_lines/NB4-Pre.fastq.gz	NB4-Pre
/lustre/scratch117/cellgen/team218/igs_gp7/1000_cell_lines/SW756.fastq.gz	SW756
/lustre/scratch117/cellgen/team218/igs_gp7/1000_cell_lines/HCC1599_RNA.fastq.gz	HCC1599_RNA
/lustre/scratch117/cellgen/team218/igs_gp7/1000_cell_lines/SCC90.fastq.gz	SCC90
/lustre/scratch117/cellgen/team218/igs_gp7/1000_cell_lines/GR-ST.fastq.gz	GR-ST
/lustre/scratch117/cellgen/team218/igs_gp7/1000_cell_lines/SW48.fastq.gz	SW48
/lustre/scratch117/cellgen/team218/igs_gp7/1000_cell_lines/H2795.fastq.gz	H2795
/lustre/scratch117/cellgen/team218/igs_gp7/1000_cell_lines/NCCIT.fastq.gz	NCCIT
/lustre/scratch117/cellgen/team218/igs_gp7/1000_cell_lines/IST-MEL1.fastq.gz	IST-MEL1
/lustre/scratch117/cellgen/team218/igs_gp7/1000_cell_lines/CCRF-CEM.fastq.gz	CCRF-CEM
/lustre/scratch117/cellgen/team218/igs_gp7/1000_cell_lines/GCIY.fastq.gz	GCIY
/lustre/scratch117/cellgen/team218/igs_gp7/1000_cell_lines/MDST8.fastq.gz	MDST8
/lustre/scratch117/cellgen/team218/igs_gp7/1000_cell_lines/MZ2-MEL.fastq.gz	MZ2-MEL
/lustre/scratch117/cellgen/team218/igs_gp7/1000_cell_lines/SKG-IIIa.fastq.gz	SKG-IIIa
/lustre/scratch117/cellgen/team218/igs_gp7/1000_cell_lines/C3A.fastq.gz	C3A
/lustre/scratch117/cellgen/team218/igs_gp7/1000_cell_lines/TK.fastq.gz	TK
/lustre/scratch117/cellgen/team218/igs_gp7/1000_cell_lines/KNS-81-FD.fastq.gz	KNS-81-FD
/lustre/scratch117/cellgen/team218/igs_gp7/1000_cell_lines/HCC2218_RNA.fastq.gz	HCC2218_RNA
/lustre/scratch117/cellgen/team218/igs_gp7/1000_cell_lines/8505C.fastq.gz	8505C
/lustre/scratch117/cellgen/team218/igs_gp7/1000_cell_lines/RXF393.fastq.gz	RXF393
/lustre/scratch117/cellgen/team218/igs_gp7/1000_cell_lines/SK-NEP-1.fastq.gz	SK-NEP-1
/lustre/scratch117/cellgen/team218/igs_gp7/1000_cell_lines/SISO.fastq.gz	SISO
/lustre/scratch117/cellgen/team218/igs_gp7/1000_cell_lines/GEO.fastq.gz	GEO
/lustre/scratch117/cellgen/team218/igs_gp7/1000_cell_lines/DG-75.fastq.gz	DG-75
/lustre/scratch117/cellgen/team218/igs_gp7/1000_cell_lines/OCUB-M.fastq.gz	OCUB-M
/lustre/scratch117/cellgen/team218/igs_gp7/1000_cell_lines/BC-1.fastq.gz	BC-1
/lustre/scratch117/cellgen/team218/igs_gp7/1000_cell_lines/LAN-6.fastq.gz	LAN-6
/lustre/scratch117/cellgen/team218/igs_gp7/1000_cell_lines/Hs-445.fastq.gz	Hs-445
/lustre/scratch117/cellgen/team218/igs_gp7/1000_cell_lines/IST-MES1.fastq.gz	IST-MES1
/lustre/scratch117/cellgen/team218/igs_gp7/1000_cell_lines/U-698-M.fastq.gz	U-698-M
/lustre/scratch117/cellgen/team218/igs_gp7/1000_cell_lines/HCC1143_RNA.fastq.gz	HCC1143_RNA
/lustre/scratch117/cellgen/team218/igs_gp7/1000_cell_lines/A431.fastq.gz	A431
/lustre/scratch117/cellgen/team218/igs_gp7/1000_cell_lines/MLMA.fastq.gz	MLMA
/lustre/scratch117/cellgen/team218/igs_gp7/1000_cell_lines/SK-GT-4.fastq.gz	SK-GT-4
/lustre/scratch117/cellgen/team218/igs_gp7/1000_cell_lines/SK-N-SH.fastq.gz	SK-N-SH
/lustre/scratch117/cellgen/team218/igs_gp7/1000_cell_lines/EW-22.fastq.gz	EW-22
/lustre/scratch117/cellgen/team218/igs_gp7/1000_cell_lines/H2595.fastq.gz	H2595
/lustre/scratch117/cellgen/team218/igs_gp7/1000_cell_lines/COLO-824.fastq.gz	COLO-824
/lustre/scratch117/cellgen/team218/igs_gp7/1000_cell_lines/TK10.fastq.gz	TK10
/lustre/scratch117/cellgen/team218/igs_gp7/1000_cell_lines/NCI-H250.fastq.gz	NCI-H250
/lustre/scratch117/cellgen/team218/igs_gp7/1000_cell_lines/H2803.fastq.gz	H2803
/lustre/scratch117/cellgen/team218/igs_gp7/1000_cell_lines/KON.fastq.gz	KON
/lustre/scratch117/cellgen/team218/igs_gp7/1000_cell_lines/SUP-B8.fastq.gz	SUP-B8
/lustre/scratch117/cellgen/team218/igs_gp7/1000_cell_lines/BE2-M17.fastq.gz	BE2-M17
/lustre/scratch117/cellgen/team218/igs_gp7/1000_cell_lines/LB996-RCC.fastq.gz	LB996-RCC
/lustre/scratch117/cellgen/team218/igs_gp7/1000_cell_lines/DND-41.fastq.gz	DND-41
/lustre/scratch117/cellgen/team218/igs_gp7/1000_cell_lines/RF-48.fastq.gz	RF-48
/lustre/scratch117/cellgen/team218/igs_gp7/1000_cell_lines/SW954.fastq.gz	SW954
/lustre/scratch117/cellgen/team218/igs_gp7/1000_cell_lines/PCI-30.fastq.gz	PCI-30
/lustre/scratch117/cellgen/team218/igs_gp7/1000_cell_lines/RC-K8.fastq.gz	RC-K8
/lustre/scratch117/cellgen/team218/igs_gp7/1000_cell_lines/JHU-022.fastq.gz	JHU-022
/lustre/scratch117/cellgen/team218/igs_gp7/1000_cell_lines/TGBC1TKB.fastq.gz	TGBC1TKB
/lustre/scratch117/cellgen/team218/igs_gp7/1000_cell_lines/NCI-H2141.fastq.gz	NCI-H2141
/lustre/scratch117/cellgen/team218/igs_gp7/1000_cell_lines/SCLC-21H.fastq.gz	SCLC-21H
/lustre/scratch117/cellgen/team218/igs_gp7/1000_cell_lines/JHU-011.fastq.gz	JHU-011
/lustre/scratch117/cellgen/team218/igs_gp7/1000_cell_lines/451Lu.fastq.gz	451Lu
/lustre/scratch117/cellgen/team218/igs_gp7/1000_cell_lines/DJM-1.fastq.gz	DJM-1
/lustre/scratch117/cellgen/team218/igs_gp7/1000_cell_lines/PCI-38.fastq.gz	PCI-38
/lustre/scratch117/cellgen/team218/igs_gp7/1000_cell_lines/KARPAS-231.fastq.gz	KARPAS-231
/lustre/scratch117/cellgen/team218/igs_gp7/1000_cell_lines/PL4.fastq.gz	PL4
/lustre/scratch117/cellgen/team218/igs_gp7/1000_cell_lines/C2BBe1.fastq.gz	C2BBe1
/lustre/scratch117/cellgen/team218/igs_gp7/1000_cell_lines/CTB-1.fastq.gz	CTB-1
/lustre/scratch117/cellgen/team218/igs_gp7/1000_cell_lines/LB1047-RCC.fastq.gz	LB1047-RCC
/lustre/scratch117/cellgen/team218/igs_gp7/1000_cell_lines/CHL-1.fastq.gz	CHL-1
/lustre/scratch117/cellgen/team218/igs_gp7/1000_cell_lines/MS-1.fastq.gz	MS-1
/lustre/scratch117/cellgen/team218/igs_gp7/1000_cell_lines/HCT-15.fastq.gz	HCT-15
/lustre/scratch117/cellgen/team218/igs_gp7/1000_cell_lines/EW-1.fastq.gz	EW-1
/lustre/scratch117/cellgen/team218/igs_gp7/1000_cell_lines/VM-CUB-1.fastq.gz	VM-CUB-1
/lustre/scratch117/cellgen/team218/igs_gp7/1000_cell_lines/U-266.fastq.gz	U-266
/lustre/scratch117/cellgen/team218/igs_gp7/1000_cell_lines/LS-513.fastq.gz	LS-513
/lustre/scratch117/cellgen/team218/igs_gp7/1000_cell_lines/SW1710.fastq.gz	SW1710
/lustre/scratch117/cellgen/team218/igs_gp7/1000_cell_lines/OCI-LY7.fastq.gz	OCI-LY7
/lustre/scratch117/cellgen/team218/igs_gp7/1000_cell_lines/EW-24.fastq.gz	EW-24
/lustre/scratch117/cellgen/team218/igs_gp7/1000_cell_lines/KNS-62.fastq.gz	KNS-62
/lustre/scratch117/cellgen/team218/igs_gp7/1000_cell_lines/H-EMC-SS.fastq.gz	H-EMC-SS
/lustre/scratch117/cellgen/team218/igs_gp7/1000_cell_lines/KO52.fastq.gz	KO52
/lustre/scratch117/cellgen/team218/igs_gp7/1000_cell_lines/NCI-H820.fastq.gz	NCI-H820
/lustre/scratch117/cellgen/team218/igs_gp7/1000_cell_lines/KARPAS-1106P.fastq.gz	KARPAS-1106P
/lustre/scratch117/cellgen/team218/igs_gp7/1000_cell_lines/RCC-ER.fastq.gz	RCC-ER
/lustre/scratch117/cellgen/team218/igs_gp7/1000_cell_lines/CAL-78.fastq.gz	CAL-78
/lustre/scratch117/cellgen/team218/igs_gp7/1000_cell_lines/LU-135.fastq.gz	LU-135
/lustre/scratch117/cellgen/team218/igs_gp7/1000_cell_lines/RO82-W-1.fastq.gz	RO82-W-1
/lustre/scratch117/cellgen/team218/igs_gp7/1000_cell_lines/SNU-407.fastq.gz	SNU-407
/lustre/scratch117/cellgen/team218/igs_gp7/1000_cell_lines/EW-11.fastq.gz	EW-11
/lustre/scratch117/cellgen/team218/igs_gp7/1000_cell_lines/KINGS-1.fastq.gz	KINGS-1
/lustre/scratch117/cellgen/team218/igs_gp7/1000_cell_lines/DOK.fastq.gz	DOK
/lustre/scratch117/cellgen/team218/igs_gp7/1000_cell_lines/BC-3.fastq.gz	BC-3
/lustre/scratch117/cellgen/team218/igs_gp7/1000_cell_lines/NCI-H720.fastq.gz	NCI-H720
/lustre/scratch117/cellgen/team218/igs_gp7/1000_cell_lines/LU-134-A.fastq.gz	LU-134-A
/lustre/scratch117/cellgen/team218/igs_gp7/1000_cell_lines/SJRH30.fastq.gz	SJRH30
/lustre/scratch117/cellgen/team218/igs_gp7/1000_cell_lines/HDLM-2.fastq.gz	HDLM-2
/lustre/scratch117/cellgen/team218/igs_gp7/1000_cell_lines/NCI-H740.fastq.gz	NCI-H740
/lustre/scratch117/cellgen/team218/igs_gp7/1000_cell_lines/SNU-175.fastq.gz	SNU-175
/lustre/scratch117/cellgen/team218/igs_gp7/1000_cell_lines/TE-6.fastq.gz	TE-6
/lustre/scratch117/cellgen/team218/igs_gp7/1000_cell_lines/NB10.fastq.gz	NB10
/lustre/scratch117/cellgen/team218/igs_gp7/1000_cell_lines/D-392MG.fastq.gz	D-392MG
/lustre/scratch117/cellgen/team218/igs_gp7/1000_cell_lines/HCC1937_RNA.fastq.gz	HCC1937_RNA
/lustre/scratch117/cellgen/team218/igs_gp7/1000_cell_lines/JEG-3.fastq.gz	JEG-3
/lustre/scratch117/cellgen/team218/igs_gp7/1000_cell_lines/SW780.fastq.gz	SW780
/lustre/scratch117/cellgen/team218/igs_gp7/1000_cell_lines/EMC-BAC-1.fastq.gz	EMC-BAC-1
/lustre/scratch117/cellgen/team218/igs_gp7/1000_cell_lines/H2461.fastq.gz	H2461
/lustre/scratch117/cellgen/team218/igs_gp7/1000_cell_lines/NCI-H1770.fastq.gz	NCI-H1770
/lustre/scratch117/cellgen/team218/igs_gp7/1000_cell_lines/EW-12.fastq.gz	EW-12
/lustre/scratch117/cellgen/team218/igs_gp7/1000_cell_lines/ESO26.fastq.gz	ESO26
/lustre/scratch117/cellgen/team218/igs_gp7/1000_cell_lines/HT55.fastq.gz	HT55
/lustre/scratch117/cellgen/team218/igs_gp7/1000_cell_lines/C-4-I.fastq.gz	C-4-I
/lustre/scratch117/cellgen/team218/igs_gp7/1000_cell_lines/U251.fastq.gz	U251
/lustre/scratch117/cellgen/team218/igs_gp7/1000_cell_lines/KYAE-1.fastq.gz	KYAE-1
/lustre/scratch117/cellgen/team218/igs_gp7/1000_cell_lines/SNU-81.fastq.gz	SNU-81
/lustre/scratch117/cellgen/team218/igs_gp7/1000_cell_lines/HN.fastq.gz	HN
/lustre/scratch117/cellgen/team218/igs_gp7/1000_cell_lines/JHU-029.fastq.gz	JHU-029
/lustre/scratch117/cellgen/team218/igs_gp7/1000_cell_lines/RCC-MF.fastq.gz	RCC-MF
/lustre/scratch117/cellgen/team218/igs_gp7/1000_cell_lines/LNZTA3WT4.fastq.gz	LNZTA3WT4
/lustre/scratch117/cellgen/team218/igs_gp7/1000_cell_lines/GT3TKB.fastq.gz	GT3TKB
/lustre/scratch117/cellgen/team218/igs_gp7/1000_cell_lines/TE-10.fastq.gz	TE-10
/lustre/scratch117/cellgen/team218/igs_gp7/1000_cell_lines/CP50-MEL-B.fastq.gz	CP50-MEL-B
/lustre/scratch117/cellgen/team218/igs_gp7/1000_cell_lines/NCI-H1836.fastq.gz	NCI-H1836
/lustre/scratch117/cellgen/team218/igs_gp7/1000_cell_lines/HA7-RCC.fastq.gz	HA7-RCC
/lustre/scratch117/cellgen/team218/igs_gp7/1000_cell_lines/NCI-H748.fastq.gz	NCI-H748
/lustre/scratch117/cellgen/team218/igs_gp7/1000_cell_lines/NCI-H847.fastq.gz	NCI-H847
/lustre/scratch117/cellgen/team218/igs_gp7/1000_cell_lines/ME-180.fastq.gz	ME-180
/lustre/scratch117/cellgen/team218/igs_gp7/1000_cell_lines/MZ7-mel.fastq.gz	MZ7-mel
/lustre/scratch117/cellgen/team218/igs_gp7/1000_cell_lines/UMC-11.fastq.gz	UMC-11
/lustre/scratch117/cellgen/team218/igs_gp7/1000_cell_lines/SU-DHL-6.fastq.gz	SU-DHL-6
/lustre/scratch117/cellgen/team218/igs_gp7/1000_cell_lines/EW-13.fastq.gz	EW-13
/lustre/scratch117/cellgen/team218/igs_gp7/1000_cell_lines/PR9929a.fastq.gz	PR9929a
/lustre/scratch117/cellgen/team218/igs_gp7/1000_cell_lines/HCC1599_RNA_2000.fastq.gz	HCC1599_RNA_2000
/lustre/scratch117/cellgen/team218/igs_gp7/1000_cell_lines/SW620.fastq.gz	SW620
/lustre/scratch117/cellgen/team218/igs_gp7/1000_cell_lines/CHSA8926.fastq.gz	CHSA8926
/lustre/scratch117/cellgen/team218/igs_gp7/1000_cell_lines/H2804.fastq.gz	H2804
/lustre/scratch117/cellgen/team218/igs_gp7/1000_cell_lines/NCI-H1688.fastq.gz	NCI-H1688
/lustre/scratch117/cellgen/team218/igs_gp7/1000_cell_lines/CHSA0011.fastq.gz	CHSA0011
/lustre/scratch117/cellgen/team218/igs_gp7/1000_cell_lines/MDA-MB-361.fastq.gz	MDA-MB-361
/lustre/scratch117/cellgen/team218/igs_gp7/1000_cell_lines/TT2609-C02.fastq.gz	TT2609-C02
/lustre/scratch117/cellgen/team218/igs_gp7/1000_cell_lines/GP5d.fastq.gz	GP5d
/lustre/scratch117/cellgen/team218/igs_gp7/1000_cell_lines/KP-1N.fastq.gz	KP-1N
/lustre/scratch117/cellgen/team218/igs_gp7/1000_cell_lines/WM35.fastq.gz	WM35
/lustre/scratch117/cellgen/team218/igs_gp7/1000_cell_lines/VMRC-MELG.fastq.gz	VMRC-MELG
/lustre/scratch117/cellgen/team218/igs_gp7/1000_cell_lines/HAL-01.fastq.gz	HAL-01
/lustre/scratch117/cellgen/team218/igs_gp7/1000_cell_lines/NB6.fastq.gz	NB6
/lustre/scratch117/cellgen/team218/igs_gp7/1000_cell_lines/Set2.fastq.gz	Set2
/lustre/scratch117/cellgen/team218/igs_gp7/1000_cell_lines/C-33-A.fastq.gz	C-33-A
/lustre/scratch117/cellgen/team218/igs_gp7/1000_cell_lines/KP-N-YS.fastq.gz	KP-N-YS
/lustre/scratch117/cellgen/team218/igs_gp7/1000_cell_lines/LU-165.fastq.gz	LU-165
/lustre/scratch117/cellgen/team218/igs_gp7/1000_cell_lines/SBC-1.fastq.gz	SBC-1
/lustre/scratch117/cellgen/team218/igs_gp7/1000_cell_lines/SCH.fastq.gz	SCH
/lustre/scratch117/cellgen/team218/igs_gp7/1000_cell_lines/HOSMNNG.fastq.gz	HOSMNNG
/lustre/scratch117/cellgen/team218/igs_gp7/1000_cell_lines/MS751.fastq.gz	MS751
/lustre/scratch117/cellgen/team218/igs_gp7/1000_cell_lines/NCI-H378.fastq.gz	NCI-H378
/lustre/scratch117/cellgen/team218/igs_gp7/1000_cell_lines/HCC1806.fastq.gz	HCC1806
/lustre/scratch117/cellgen/team218/igs_gp7/1000_cell_lines/Hs633T.fastq.gz	Hs633T
/lustre/scratch117/cellgen/team218/igs_gp7/1000_cell_lines/D-336MG.fastq.gz	D-336MG
/lustre/scratch117/cellgen/team218/igs_gp7/1000_cell_lines/CML-T1.fastq.gz	CML-T1
/lustre/scratch117/cellgen/team218/igs_gp7/1000_cell_lines/RPMI-2650.fastq.gz	RPMI-2650
/lustre/scratch117/cellgen/team218/igs_gp7/1000_cell_lines/WM278.fastq.gz	WM278
/lustre/scratch117/cellgen/team218/igs_gp7/1000_cell_lines/SK-MEL-2.fastq.gz	SK-MEL-2
/lustre/scratch117/cellgen/team218/igs_gp7/1000_cell_lines/OMC-1.fastq.gz	OMC-1
/lustre/scratch117/cellgen/team218/igs_gp7/1000_cell_lines/ES4.fastq.gz	ES4
/lustre/scratch117/cellgen/team218/igs_gp7/1000_cell_lines/143B.fastq.gz	143B
/lustre/scratch117/cellgen/team218/igs_gp7/1000_cell_lines/WM793B.fastq.gz	WM793B
/lustre/scratch117/cellgen/team218/igs_gp7/1000_cell_lines/OVCA433.fastq.gz	OVCA433
/lustre/scratch117/cellgen/team218/igs_gp7/1000_cell_lines/HUH-6-clone5.fastq.gz	HUH-6-clone5
/lustre/scratch117/cellgen/team218/igs_gp7/1000_cell_lines/SBC-3.fastq.gz	SBC-3
/lustre/scratch117/cellgen/team218/igs_gp7/1000_cell_lines/NEC8.fastq.gz	NEC8
/lustre/scratch117/cellgen/team218/igs_gp7/1000_cell_lines/SUIT-2.fastq.gz	SUIT-2
/lustre/scratch117/cellgen/team218/igs_gp7/1000_cell_lines/CPC-N.fastq.gz	CPC-N
/lustre/scratch117/cellgen/team218/igs_gp7/1000_cell_lines/IMR-5.fastq.gz	IMR-5
/lustre/scratch117/cellgen/team218/igs_gp7/1000_cell_lines/SK-MG-1.fastq.gz	SK-MG-1
/lustre/scratch117/cellgen/team218/igs_gp7/1000_cell_lines/RCC-JW.fastq.gz	RCC-JW
/lustre/scratch117/cellgen/team218/igs_gp7/1000_cell_lines/RCC-JF.fastq.gz	RCC-JF
/lustre/scratch117/cellgen/team218/igs_gp7/1000_cell_lines/D-502MG.fastq.gz	D-502MG
/lustre/scratch117/cellgen/team218/igs_gp7/1000_cell_lines/KU812.fastq.gz	KU812
/lustre/scratch117/cellgen/team218/igs_gp7/1000_cell_lines/HCC1954_RNA.fastq.gz	HCC1954_RNA
/lustre/scratch117/cellgen/team218/igs_gp7/1000_cell_lines/PR9931a.fastq.gz	PR9931a
/lustre/scratch117/cellgen/team218/igs_gp7/1000_cell_lines/NB69.fastq.gz	NB69
/lustre/scratch117/cellgen/team218/igs_gp7/1000_cell_lines/LU-139.fastq.gz	LU-139
/lustre/scratch117/cellgen/team218/igs_gp7/1000_cell_lines/LC4-1.fastq.gz	LC4-1
/lustre/scratch117/cellgen/team218/igs_gp7/1000_cell_lines/RCC-FG2.fastq.gz	RCC-FG2
/lustre/scratch117/cellgen/team218/igs_gp7/1000_cell_lines/A388.fastq.gz	A388
/lustre/scratch117/cellgen/team218/igs_gp7/1000_cell_lines/TASK1.fastq.gz	TASK1
/lustre/scratch117/cellgen/team218/igs_gp7/1000_cell_lines/SU-DHL-10.fastq.gz	SU-DHL-10
/lustre/scratch117/cellgen/team218/igs_gp7/1000_cell_lines/OSC-20.fastq.gz	OSC-20
/lustre/scratch117/cellgen/team218/igs_gp7/1000_cell_lines/RH-1.fastq.gz	RH-1
/lustre/scratch117/cellgen/team218/igs_gp7/1000_cell_lines/HCC1599_RNA_5000.fastq.gz	HCC1599_RNA_5000
/lustre/scratch117/cellgen/team218/igs_gp7/1000_cell_lines/H2369.fastq.gz	H2369
/lustre/scratch117/cellgen/team218/igs_gp7/1000_cell_lines/DIFI.fastq.gz	DIFI
/lustre/scratch117/cellgen/team218/igs_gp7/1000_cell_lines/YAPC.fastq.gz	YAPC
/lustre/scratch117/cellgen/team218/igs_gp7/1000_cell_lines/PR9932a.fastq.gz	PR9932a
/lustre/scratch117/cellgen/team218/igs_gp7/1000_cell_lines/PFSK-1.fastq.gz	PFSK-1
/lustre/scratch117/cellgen/team218/igs_gp7/1000_cell_lines/ZR-75-30.fastq.gz	ZR-75-30
/lustre/scratch117/cellgen/team218/igs_gp7/1000_cell_lines/TE-4.fastq.gz	TE-4
/lustre/scratch117/cellgen/team218/igs_gp7/1000_cell_lines/H513.fastq.gz	H513
/lustre/scratch117/cellgen/team218/igs_gp7/1000_cell_lines/Hey.fastq.gz	Hey
/lustre/scratch117/cellgen/team218/igs_gp7/1000_cell_lines/SC-1.fastq.gz	SC-1
/lustre/scratch117/cellgen/team218/igs_gp7/1000_cell_lines/SW1088.fastq.gz	SW1088
/lustre/scratch117/cellgen/team218/igs_gp7/1000_cell_lines/GI-ME-N.fastq.gz	GI-ME-N
/lustre/scratch117/cellgen/team218/igs_gp7/1000_cell_lines/HT-29.fastq.gz	HT-29
/lustre/scratch117/cellgen/team218/igs_gp7/1000_cell_lines/CS1.fastq.gz	CS1
/lustre/scratch117/cellgen/team218/igs_gp7/1000_cell_lines/BONNA-12.fastq.gz	BONNA-12
/lustre/scratch117/cellgen/team218/igs_gp7/1000_cell_lines/D-566MG.fastq.gz	D-566MG
/lustre/scratch117/cellgen/team218/igs_gp7/1000_cell_lines/OHS.fastq.gz	OHS
/lustre/scratch117/cellgen/team218/igs_gp7/1000_cell_lines/HEC-1.fastq.gz	HEC-1
/lustre/scratch117/cellgen/team218/igs_gp7/1000_cell_lines/KMOE-2.fastq.gz	KMOE-2
/lustre/scratch117/cellgen/team218/igs_gp7/1000_cell_lines/P32-ISH.fastq.gz	P32-ISH
/lustre/scratch117/cellgen/team218/igs_gp7/1000_cell_lines/COLO-741.fastq.gz	COLO-741
/lustre/scratch117/cellgen/team218/igs_gp7/1000_cell_lines/HCT-116.fastq.gz	HCT-116
/lustre/scratch117/cellgen/team218/igs_gp7/1000_cell_lines/D-247MG.fastq.gz	D-247MG
/lustre/scratch117/cellgen/team218/igs_gp7/1000_cell_lines/MC-IXC.fastq.gz	MC-IXC
/lustre/scratch117/cellgen/team218/igs_gp7/1000_cell_lines/ATN-1.fastq.gz	ATN-1
/lustre/scratch117/cellgen/team218/igs_gp7/1000_cell_lines/VMRC-LCD.fastq.gz	VMRC-LCD
/lustre/scratch117/cellgen/team218/igs_gp7/1000_cell_lines/MC-1010.fastq.gz	MC-1010
/lustre/scratch117/cellgen/team218/igs_gp7/1000_cell_lines/SW1573.fastq.gz	SW1573
/lustre/scratch117/cellgen/team218/igs_gp7/1000_cell_lines/Farage.fastq.gz	Farage
/lustre/scratch117/cellgen/team218/igs_gp7/1000_cell_lines/Becker.fastq.gz	Becker
/lustre/scratch117/cellgen/team218/igs_gp7/1000_cell_lines/BICR78.fastq.gz	BICR78
/lustre/scratch117/cellgen/team218/igs_gp7/1000_cell_lines/SiHa.fastq.gz	SiHa
/lustre/scratch117/cellgen/team218/igs_gp7/1000_cell_lines/H3118.fastq.gz	H3118
/lustre/scratch117/cellgen/team218/igs_gp7/1000_cell_lines/COLO-205.fastq.gz	COLO-205
/lustre/scratch117/cellgen/team218/igs_gp7/1000_cell_lines/SK-PN-DW.fastq.gz	SK-PN-DW
/lustre/scratch117/cellgen/team218/igs_gp7/1000_cell_lines/NCC021.fastq.gz	NCC021
/lustre/scratch117/cellgen/team218/igs_gp7/1000_cell_lines/Ca-Ski.fastq.gz	Ca-Ski
/lustre/scratch117/cellgen/team218/igs_gp7/1000_cell_lines/BB30-HNC.fastq.gz	BB30-HNC
/lustre/scratch117/cellgen/team218/igs_gp7/1000_cell_lines/HCC1187_RNA.fastq.gz	HCC1187_RNA
/lustre/scratch117/cellgen/team218/igs_gp7/1000_cell_lines/K5.fastq.gz	K5
/lustre/scratch117/cellgen/team218/igs_gp7/1000_cell_lines/CGTH-W-1.fastq.gz	CGTH-W-1
/lustre/scratch117/cellgen/team218/igs_gp7/1000_cell_lines/GAK.fastq.gz	GAK
/lustre/scratch117/cellgen/team218/igs_gp7/1000_cell_lines/NTERA-2cl-D1.fastq.gz	NTERA-2cl-D1
/lustre/scratch117/cellgen/team218/igs_gp7/1000_cell_lines/RKO.fastq.gz	RKO
/lustre/scratch117/cellgen/team218/igs_gp7/1000_cell_lines/NB4-G1.fastq.gz	NB4-G1
/lustre/scratch117/cellgen/team218/igs_gp7/1000_cell_lines/MRK-nu-1.fastq.gz	MRK-nu-1
/lustre/scratch117/cellgen/team218/igs_gp7/1000_cell_lines/H2869.fastq.gz	H2869
/lustre/scratch117/cellgen/team218/igs_gp7/1000_cell_lines/NB4-Pre-2.fastq.gz	NB4-Pre-2
/lustre/scratch117/cellgen/team218/igs_gp7/1000_cell_lines/WSU-DLCL2.fastq.gz	WSU-DLCL2
/lustre/scratch117/cellgen/team218/igs_gp7/1000_cell_lines/FLO-1.fastq.gz	FLO-1
/lustre/scratch117/cellgen/team218/igs_gp7/1000_cell_lines/SLVL.fastq.gz	SLVL
/lustre/scratch117/cellgen/team218/igs_gp7/1000_cell_lines/KOSC-2.fastq.gz	KOSC-2
/lustre/scratch117/cellgen/team218/igs_gp7/1000_cell_lines/GOTO.fastq.gz	GOTO
/lustre/scratch117/cellgen/team218/igs_gp7/1000_cell_lines/KMH-2.fastq.gz	KMH-2
/lustre/scratch117/cellgen/team218/igs_gp7/1000_cell_lines/OVCAR-5.fastq.gz	OVCAR-5
/lustre/scratch117/cellgen/team218/igs_gp7/1000_cell_lines/NCI-H630.fastq.gz	NCI-H630
/lustre/scratch117/cellgen/team218/igs_gp7/1000_cell_lines/SW962.fastq.gz	SW962
/lustre/scratch117/cellgen/team218/igs_gp7/1000_cell_lines/SNU-283.fastq.gz	SNU-283
/lustre/scratch117/cellgen/team218/igs_gp7/1000_cell_lines/SW872.fastq.gz	SW872
/lustre/scratch117/cellgen/team218/igs_gp7/1000_cell_lines/TGBC11TKB.fastq.gz	TGBC11TKB
/lustre/scratch117/cellgen/team218/igs_gp7/1000_cell_lines/SAT.fastq.gz	SAT
/lustre/scratch117/cellgen/team218/igs_gp7/1000_cell_lines/NK-92MI.fastq.gz	NK-92MI
/lustre/scratch117/cellgen/team218/igs_gp7/1000_cell_lines/PA-1.fastq.gz	PA-1
/lustre/scratch117/cellgen/team218/igs_gp7/1000_cell_lines/OACp4C.fastq.gz	OACp4C
/lustre/scratch117/cellgen/team218/igs_gp7/1000_cell_lines/NB14.fastq.gz	NB14
/lustre/scratch117/cellgen/team218/igs_gp7/1000_cell_lines/RVH-421.fastq.gz	RVH-421
/lustre/scratch117/cellgen/team218/igs_gp7/1000_cell_lines/PWR-1E.fastq.gz	PWR-1E
/lustre/scratch117/cellgen/team218/igs_gp7/1000_cell_lines/CAL-39.fastq.gz	CAL-39
/lustre/scratch117/cellgen/team218/igs_gp7/1000_cell_lines/CL-40.fastq.gz	CL-40
/lustre/scratch117/cellgen/team218/igs_gp7/1000_cell_lines/RPMI-6666.fastq.gz	RPMI-6666
/lustre/scratch117/cellgen/team218/igs_gp7/1000_cell_lines/H2373.fastq.gz	H2373
/lustre/scratch117/cellgen/team218/igs_gp7/1000_cell_lines/NCI-H835.fastq.gz	NCI-H835
/lustre/scratch117/cellgen/team218/igs_gp7/1000_cell_lines/NB7.fastq.gz	NB7
/lustre/scratch117/cellgen/team218/igs_gp7/1000_cell_lines/HLE.fastq.gz	HLE
/lustre/scratch117/cellgen/team218/igs_gp7/1000_cell_lines/MHM.fastq.gz	MHM
/lustre/scratch117/cellgen/team218/igs_gp7/1000_cell_lines/NB13.fastq.gz	NB13
/lustre/scratch117/cellgen/team218/igs_gp7/1000_cell_lines/NH-12.fastq.gz	NH-12
/lustre/scratch117/cellgen/team218/igs_gp7/1000_cell_lines/MOLT-4.fastq.gz	MOLT-4
/lustre/scratch117/cellgen/team218/igs_gp7/1000_cell_lines/EVSA-T.fastq.gz	EVSA-T
/lustre/scratch117/cellgen/team218/igs_gp7/1000_cell_lines/LN-405.fastq.gz	LN-405
/lustre/scratch117/cellgen/team218/igs_gp7/1000_cell_lines/YT.fastq.gz	YT
/lustre/scratch117/cellgen/team218/igs_gp7/1000_cell_lines/HCC38_RNA.fastq.gz	HCC38_RNA
/lustre/scratch117/cellgen/team218/igs_gp7/1000_cell_lines/NB5.fastq.gz	NB5
